title,content
"The Future of AI in Healthcare","This is a detailed article about the future of AI in healthcare. It covers new treatments, diagnostic methods, and the use of machine learning to improve patient outcomes."
"How FinTech is Changing Banking","This is a detailed article about how FinTech solutions are reshaping the banking sector. It explores digital payments, blockchain, and the emergence of online-only banks."
"Latest Advances in Cancer Research","This is a detailed article about the latest discoveries and technologies in cancer research, including gene editing, immunotherapy, and personalized medicine."
"Quantum Computing: A Game Changer","This is a detailed article about quantum computing and how it could revolutionize fields like cryptography, materials science, and complex simulations."
"The Role of Startups in Business Growth","This is a detailed article about the impact of startups on business innovation, job creation, and economic growth, with real-world case studies."
"AI in Education","This is a detailed article about how artificial intelligence is transforming educational tools, personalizing learning experiences, and automating administrative tasks."
"AI in Autonomous Vehicles","This article explores the use of AI in autonomous vehicles. It covers the technology behind self-driving cars, sensor fusion, and real-time decision-making for safe navigation."
"AI in Retail: Revolutionizing Customer Experience","This article discusses how AI is transforming the retail industry. It looks at personalized recommendations, predictive analytics, and AI-powered customer service systems."
"Machine Learning for Predictive Maintenance","This article explains how machine learning models are used for predictive maintenance in industries. It covers how AI can predict equipment failures and reduce downtime."
"AI in Supply Chain Optimization","This article explores how AI is revolutionizing supply chain management. It covers the use of AI in forecasting demand, optimizing inventory, and improving logistics efficiency."
"Natural Language Processing and Its Applications","This article discusses natural language processing (NLP), a subfield of AI. It includes applications such as chatbots, sentiment analysis, and language translation."
"AI and Ethics: Challenges in the 21st Century","This article covers the ethical considerations surrounding the use of artificial intelligence. It discusses bias, fairness, and the societal impacts of automation."
"AI in Finance: From Risk Assessment to Trading","This article explores the use of AI in the financial industry. It discusses its applications in risk assessment, algorithmic trading, and fraud detection."
"The Role of AI in Personalized Medicine","This article examines how AI is helping create personalized treatment plans in medicine. It looks at genetic data analysis and the use of AI to recommend individualized therapies."
"AI in Manufacturing: Enhancing Efficiency","This article focuses on how AI is improving manufacturing processes. It looks at the use of AI in quality control, process automation, and predictive maintenance."
"AI in Cybersecurity: Detecting and Preventing Threats","This article explores how AI is being used to enhance cybersecurity. It covers the detection of anomalies, predictive threat intelligence, and automated response systems."
"AI-Powered Robotics: Transforming Industries","This article discusses the impact of AI on robotics. It covers the integration of AI in robotic systems for applications like manufacturing, healthcare, and space exploration."
"AI in Agriculture: Increasing Crop Yields","This article explores how AI is transforming agriculture. It discusses the use of AI for crop prediction, automated irrigation, and pest detection."
"Deep Learning: The Future of AI","This article focuses on deep learning, a subset of machine learning. It discusses how deep neural networks are used in AI applications like image recognition and natural language processing."
"AI in Healthcare Imaging: A New Era of Diagnosis","This article explores the role of AI in medical imaging. It looks at how AI can analyze X-rays, MRIs, and CT scans to assist doctors in diagnosing diseases."
"AI for Climate Change: Solutions for a Sustainable Future","This article discusses how AI can be used to address climate change. It explores AI applications in energy efficiency, climate modeling, and carbon footprint reduction."
"AI in Smart Cities: Enhancing Urban Living","This article covers the role of AI in the development of smart cities. It discusses the use of AI for traffic management, public safety, and resource optimization."
"AI in Sports: Enhancing Performance and Fan Experience","This article examines the impact of AI in sports. It looks at how AI is used for performance analytics, injury prevention, and enhancing the fan experience through personalized content."
"AI in Art and Creativity: Redefining the Boundaries of Imagination","This article discusses the use of AI in creative fields such as art, music, and literature. It explores how AI is being used to generate art, compose music, and write poetry."
"AI in HR: Revolutionizing Talent Acquisition","This article focuses on how AI is changing the human resources field. It covers the use of AI in recruitment, employee engagement, and performance analysis."
"AI in Gaming: Enhancing Player Experience","This article explores the use of AI in the gaming industry. It looks at AI-driven game mechanics, procedural content generation, and the use of AI in NPC behavior."
"AI in Legal Technology: Automating the Legal Process","This article covers how AI is being used in the legal industry. It discusses AI applications for document review, legal research, and contract analysis."
"AI in Customer Service: Chatbots and Virtual Assistants","This article discusses the rise of AI-powered chatbots and virtual assistants in customer service. It covers how they are used for handling inquiries and providing personalized support."
"AI and Creativity: Machine Learning in Art Generation","This article explores the use of AI in the creative process. It discusses AI-generated art and how machine learning algorithms are helping artists push the boundaries of creativity."
"AI for Disaster Management: Predicting and Responding to Crises","This article examines the use of AI in disaster management. It looks at AI applications for predicting natural disasters and coordinating emergency responses."
"AI and Machine Learning in Space Exploration","This article explores how AI and machine learning are being used in space missions. It covers AI for analyzing space data, controlling robotic systems, and planning autonomous space missions."
"AI in Human Augmentation: Enhancing Human Capabilities","This article discusses AI-powered human augmentation technologies. It looks at how AI is being used to enhance human abilities through brain-machine interfaces and exoskeletons."
"AI in Virtual Reality: Enhancing Immersive Experiences","This article explores the use of AI in virtual reality. It discusses how AI is used to enhance realism in virtual environments and create personalized VR experiences."
"AI for Language Translation: Breaking Barriers","This article covers AI-based language translation technologies. It looks at how AI-powered tools are breaking language barriers and making communication easier worldwide."
"AI in Supply Chain Management: Optimizing Logistics","This article explores how AI is used in supply chain management. It discusses how AI optimizes logistics, inventory management, and demand forecasting."
"AI for Predictive Analytics in Business","This article looks at how businesses are using AI for predictive analytics. It covers customer behavior prediction, sales forecasting, and data-driven decision-making."
"AI in the Military: Enhancing Defense Technology","This article explores how AI is being integrated into defense technologies. It discusses autonomous weapons, AI-powered surveillance, and military decision-making systems."
"AI for Personalized Advertising: Enhancing User Experience","This article covers how AI is used for personalized advertising. It discusses how AI helps brands target consumers with personalized ads based on their behavior and preferences."
"AI in Finance: Automated Trading and Risk Management","This article explores the role of AI in finance. It covers the use of AI in automated trading systems, risk assessment, and fraud detection."
"What is AI (Artificial Intelligence)?","Artificial Intelligence (AI) refers to the simulation of human intelligence in machines that are programmed to think, reason, and perform tasks that typically require human-like cognitive functions. AI enables machines to perform tasks such as understanding natural language, recognizing patterns, learning from data, and making decisions."